record_id,run_id,phase,status,experiment_group,model_name,dataset_name,method,sparsity_requested,seed,is_smoke,test_acc_exact_pct,test_acc_pct,test_loss_exact,test_ppl_exact,sparsity_reported,sparsity_mask,sparsity_value,schema_version,experiment_type,error,notes,started_at,ended_at,duration_s,cmdline,git_sha,git_branch,git_dirty,git_n_dirty,git_untracked,git_patch_sha1,code_fingerprint,hostname,platform,python_version,torch_version,torchvision_version,transformers_version,numpy_version,cuda_version,cudnn_version,gpu_name,gpu_count,gpu_mem_total_gb,cudnn_deterministic,cudnn_benchmark,deterministic_algorithms,seed_source,val_split_seed,model_family,model_type,model_task,pretrained,init_source,num_classes,image_size,n_views,batch_size,num_workers,amp_enabled,train_batches,eval_batches,eval_split,eval_samples_seen,eval_samples_dropped,embedded_dim,num_out_features,total_params,trainable_params,prunable_params,nonprunable_params,nonzero_all_params,active_prunable_params,mask_total,mask_covers_prunable,shared_params_total,shared_params_unique,pruner,is_bacp,contrastive_mode,proj_mode,lambdas_json,learnable_lambdas,tau,num_snapshots,n_snapshots_used,distill_mode,lambda_kd,dyrelu_en,dyrelu_phasing_en,weight_sharing_en,sparsity_target_adjusted,sparsity_scheduler,delta_T,east_s_min,east_prune_rate,east_Tc_ratio,rigl_alpha,layerwise_alloc,wanda_group,prune_task_head,prune_embeddings,scope_key,initial_sparsity,optimizer_type,learning_rate,weight_decay,scheduler_type,epochs,recovery_epochs,patience,epochs_ft,optimizer_type_ft,learning_rate_ft,total_steps,warmup_steps,epochs_completed,early_stopped,limit_train_batches,limit_eval_batches,trained_weights,save_path,checkpoint_sha256,checkpoint_bytes,trained_weights_sha256,test_loss,test_ppl,metrics_are_batch_means,final_train_loss,sparsity_gap,sparsity_all_params,wall_total_s,wall_eval_s,s_per_epoch_mean,s_per_epoch_std,peak_gpu_mem_gb,latency_ms_bs1,latency_ms_batch,throughput_samples_s,gflops_dense,gflops_sparse_est,flops_method,inference_dtype
resnet34_cifar10_bacp+rigl_s0.999_seed1_20260819_174328__finetune,resnet34_cifar10_bacp+rigl_s0.999_seed1_20260819_174328,finetune,ok,t0.C3.resnet34.cifar10.s0.999.seed1,resnet34,cifar10,bacp+rigl,0.999,1,True,4.6875,4.6875,2.3071871995925903,10.04612712554789,0.9989989225532478,0.9989989225532478,0.9989989225532478,1,ladder-C,,,2026-08-19T12:43:28.641100+00:00,2026-08-19T12:44:11.800655+00:00,45.812,C:\Users\haroo\OneDrive\projects\Research\BaCP\project\scripts\bacp_script.py --model_name resnet34 --model_type cv --dataset_name cifar10 --num_classes 10 --image_size 32 --epochs 2 --batch_size 32 --optimizer_type sgd --learning_rate 0.1 --scheduler_type cosine --patience 0 --limit_train_batches 2 --limit_eval_batches 2 --num_workers 0 --target_sparsity 0.999 --sparsity_scheduler cubic --recovery_epochs 0 --delta_T 1 --pruning_type rigl --layerwise_alloc erk --prune_task_head --lambdas 0.0 0.5 0.0 0.5 --num_snapshots 0 --n_views 2 --distill_mode none --lambda_kd 0.0 --contrastive_mode cap --proj_mode tied_frozen --enable_finetune --optimizer_type_ft adamw --learning_rate_ft 0.0001 --epochs_ft 2 --experiment_type ladder-C --trained_weights C:\Users\haroo\OneDrive\projects\Research\BaCP\project\scripts\research\bacp\resnet34\cifar10\20260819\resnet34_cifar10_dense_ladder-A_20260819_173107.pt --seed 1,bdf9d105215d6b005907ebb494caff57cf8e51e2,main,True,39,13,0afbe55d7d648cb74697923113af3b5031269e47,b700ed0ce138b18a70f8edde306d85b1cbaf008f0099565d538697f6c015f0fc,Haroon-Zbook,Windows-11-10.0.26200-SP0,3.12.10,2.5.1+cpu,0.20.1+cpu,4.46.3,1.26.4,,,,0,,True,False,False,args,1234,resnet,cv,classification,True,random,10,32,2,32,0,True,2,2,test,64,0,512,128,21347786,21282122,21265088,82698,103243,21288,21265088,True,,,rigl,True,cap,tied_frozen,"[0.0, 0.5, 0.0, 0.5]",False,0.07,0,0,none,0.0,False,False,False,0.999,cubic,1,,,,0.3,erk,output,True,False,backbone+head,2.8215260618719285e-07,sgd,0.1,0.0005,cosine,2,0,0,2,adamw,0.0001,4,,2,False,2,2,C:\Users\haroo\OneDrive\projects\Research\BaCP\project\scripts\research\bacp\resnet34\cifar10\20260819\resnet34_cifar10_dense_ladder-A_20260819_173107.pt,C:\Users\haroo\OneDrive\projects\Research\BaCP\project\scripts\research\bacp\resnet34\cifar10\20260819\resnet34_cifar10_rigl_0.999_ladder-C_20260819_174328_finetune.pt,3dcfcbfc899220803e7e1c6b5cf892131b4b70b3d980af8028499020c2e22167,85543930,7d7f6120836bf99d448c5aba14d581068e1ac645f5d238d427d87a5feaf3ebeb,2.296875,9.943061828613281,True,,0.0,0.9951637607759418,45.812,0.931,10.391,2.938,,,,,,,,
resnet34_cifar10_bacp+rigl_s0.999_seed1_20260819_174437__finetune,resnet34_cifar10_bacp+rigl_s0.999_seed1_20260819_174437,finetune,ok,t0.D1.resnet34.cifar10.s0.999.seed1,resnet34,cifar10,bacp+rigl,0.999,1,True,9.375,9.375,2.3074363470077515,10.048630403983328,0.9989989225532478,0.9989989225532478,0.9989989225532478,1,ladder-D,,,2026-08-19T12:44:37.529518+00:00,2026-08-19T12:45:18.893309+00:00,43.07,C:\Users\haroo\OneDrive\projects\Research\BaCP\project\scripts\bacp_script.py --model_name resnet34 --model_type cv --dataset_name cifar10 --num_classes 10 --image_size 32 --epochs 2 --batch_size 32 --optimizer_type sgd --learning_rate 0.1 --scheduler_type cosine --patience 0 --limit_train_batches 2 --limit_eval_batches 2 --num_workers 0 --target_sparsity 0.999 --sparsity_scheduler cubic --recovery_epochs 0 --delta_T 1 --pruning_type rigl --layerwise_alloc erk --prune_task_head --lambdas 0.0 0.3333333333333333 0.3333333333333333 0.3333333333333333 --num_snapshots 2 --n_views 2 --distill_mode none --lambda_kd 0.0 --contrastive_mode cap --proj_mode tied_frozen --enable_finetune --optimizer_type_ft adamw --learning_rate_ft 0.0001 --epochs_ft 2 --experiment_type ladder-D --trained_weights C:\Users\haroo\OneDrive\projects\Research\BaCP\project\scripts\research\bacp\resnet34\cifar10\20260819\resnet34_cifar10_dense_ladder-A_20260819_173107.pt --seed 1,bdf9d105215d6b005907ebb494caff57cf8e51e2,main,True,39,13,0afbe55d7d648cb74697923113af3b5031269e47,b700ed0ce138b18a70f8edde306d85b1cbaf008f0099565d538697f6c015f0fc,Haroon-Zbook,Windows-11-10.0.26200-SP0,3.12.10,2.5.1+cpu,0.20.1+cpu,4.46.3,1.26.4,,,,0,,True,False,False,args,1234,resnet,cv,classification,True,random,10,32,2,32,0,True,2,2,test,64,0,512,128,21347786,21282122,21265088,82698,103247,21288,21265088,True,,,rigl,True,cap,tied_frozen,"[0.0, 0.3333333333333333, 0.3333333333333333, 0.3333333333333333]",False,0.07,2,1,none,0.0,False,False,False,0.999,cubic,1,,,,0.3,erk,output,True,False,backbone+head,2.8215260618719285e-07,sgd,0.1,0.0005,cosine,2,0,0,2,adamw,0.0001,4,,2,False,2,2,C:\Users\haroo\OneDrive\projects\Research\BaCP\project\scripts\research\bacp\resnet34\cifar10\20260819\resnet34_cifar10_dense_ladder-A_20260819_173107.pt,C:\Users\haroo\OneDrive\projects\Research\BaCP\project\scripts\research\bacp\resnet34\cifar10\20260819\resnet34_cifar10_rigl_0.999_ladder-D_20260819_174437_finetune.pt,df85679bde723deff626a84a00b6ad3735d39c52d753d3e4fc3916872cdfa674,85543930,7d7f6120836bf99d448c5aba14d581068e1ac645f5d238d427d87a5feaf3ebeb,2.296875,9.943061828613281,True,,0.0,0.9951635734028812,43.07,0.74,9.946,0.817,,,,,,,,
resnet34_cifar10_bacp+rigl_s0.999_seed1_20260819_174539__finetune,resnet34_cifar10_bacp+rigl_s0.999_seed1_20260819_174539,finetune,ok,t0.D2.resnet34.cifar10.s0.999.seed1,resnet34,cifar10,bacp+rigl,0.999,1,True,4.6875,4.6875,2.306718111038208,10.041415707419977,0.9989989225532478,0.9989989225532478,0.9989989225532478,1,ladder-D,,,2026-08-19T12:45:39.578436+00:00,2026-08-19T12:46:16.873681+00:00,38.595,C:\Users\haroo\OneDrive\projects\Research\BaCP\project\scripts\bacp_script.py --model_name resnet34 --model_type cv --dataset_name cifar10 --num_classes 10 --image_size 32 --epochs 2 --batch_size 32 --optimizer_type sgd --learning_rate 0.1 --scheduler_type cosine --patience 0 --limit_train_batches 2 --limit_eval_batches 2 --num_workers 0 --target_sparsity 0.999 --sparsity_scheduler cubic --recovery_epochs 0 --delta_T 1 --pruning_type rigl --layerwise_alloc erk --prune_task_head --lambdas 0.25 0.25 0.25 0.25 --num_snapshots 2 --n_views 2 --distill_mode none --lambda_kd 0.0 --contrastive_mode cap --proj_mode tied_frozen --enable_finetune --optimizer_type_ft adamw --learning_rate_ft 0.0001 --epochs_ft 2 --experiment_type ladder-D --trained_weights C:\Users\haroo\OneDrive\projects\Research\BaCP\project\scripts\research\bacp\resnet34\cifar10\20260819\resnet34_cifar10_dense_ladder-A_20260819_173107.pt --seed 1,bdf9d105215d6b005907ebb494caff57cf8e51e2,main,True,39,13,0afbe55d7d648cb74697923113af3b5031269e47,b700ed0ce138b18a70f8edde306d85b1cbaf008f0099565d538697f6c015f0fc,Haroon-Zbook,Windows-11-10.0.26200-SP0,3.12.10,2.5.1+cpu,0.20.1+cpu,4.46.3,1.26.4,,,,0,,True,False,False,args,1234,resnet,cv,classification,True,random,10,32,2,32,0,True,2,2,test,64,0,512,128,21347786,21282122,21265088,82698,103244,21288,21265088,True,,,rigl,True,cap,tied_frozen,"[0.25, 0.25, 0.25, 0.25]",False,0.07,2,1,none,0.0,False,False,False,0.999,cubic,1,,,,0.3,erk,output,True,False,backbone+head,2.8215260618719285e-07,sgd,0.1,0.0005,cosine,2,0,0,2,adamw,0.0001,4,,2,False,2,2,C:\Users\haroo\OneDrive\projects\Research\BaCP\project\scripts\research\bacp\resnet34\cifar10\20260819\resnet34_cifar10_dense_ladder-A_20260819_173107.pt,C:\Users\haroo\OneDrive\projects\Research\BaCP\project\scripts\research\bacp\resnet34\cifar10\20260819\resnet34_cifar10_rigl_0.999_ladder-D_20260819_174539_finetune.pt,54bdb695d1bc9a1fb74cd9a0fc6d2116638f26620823898906ebf15947852af8,85543930,7d7f6120836bf99d448c5aba14d581068e1ac645f5d238d427d87a5feaf3ebeb,2.296875,9.943061828613281,True,,0.0,0.9951637139326767,38.595,0.633,9.032,1.408,,,,,,,,
resnet34_cifar10_bacp+rigl_s0.999_seed1_20260819_174636__finetune,resnet34_cifar10_bacp+rigl_s0.999_seed1_20260819_174636,finetune,ok,t0.D4-noCE.resnet34.cifar10.s0.999.seed1,resnet34,cifar10,bacp+rigl,0.999,1,True,4.6875,4.6875,2.307214617729187,10.046402575409829,0.9990007095197537,0.9990007095197537,0.9990007095197537,1,ladder-D4,,,2026-08-19T12:46:36.741266+00:00,2026-08-19T12:47:11.681113+00:00,36.644,C:\Users\haroo\OneDrive\projects\Research\BaCP\project\scripts\bacp_script.py --model_name resnet34 --model_type cv --dataset_name cifar10 --num_classes 10 --image_size 32 --epochs 2 --batch_size 32 --optimizer_type sgd --learning_rate 0.1 --scheduler_type cosine --patience 0 --limit_train_batches 2 --limit_eval_batches 2 --num_workers 0 --target_sparsity 0.999 --sparsity_scheduler cubic --recovery_epochs 0 --delta_T 1 --pruning_type rigl --layerwise_alloc erk --prune_task_head --lambdas 0.3333333333333333 0.3333333333333333 0.3333333333333333 0.0 --num_snapshots 2 --n_views 2 --distill_mode none --lambda_kd 0.0 --contrastive_mode cap --proj_mode tied_frozen --enable_finetune --optimizer_type_ft adamw --learning_rate_ft 0.0001 --epochs_ft 2 --experiment_type ladder-D4 --trained_weights C:\Users\haroo\OneDrive\projects\Research\BaCP\project\scripts\research\bacp\resnet34\cifar10\20260819\resnet34_cifar10_dense_ladder-A_20260819_173107.pt --seed 1,bdf9d105215d6b005907ebb494caff57cf8e51e2,main,True,39,13,0afbe55d7d648cb74697923113af3b5031269e47,b700ed0ce138b18a70f8edde306d85b1cbaf008f0099565d538697f6c015f0fc,Haroon-Zbook,Windows-11-10.0.26200-SP0,3.12.10,2.5.1+cpu,0.20.1+cpu,4.46.3,1.26.4,,,,0,,True,False,False,args,1234,resnet,cv,classification,True,random,10,32,2,32,0,True,2,2,test,64,0,512,128,21347786,21282122,21265088,82698,103200,21250,21265088,True,,,rigl,True,cap,tied_frozen,"[0.3333333333333333, 0.3333333333333333, 0.3333333333333333, 0.0]",False,0.07,2,1,none,0.0,False,False,False,0.999,cubic,1,,,,0.3,erk,output,True,False,backbone+head,2.8215260618719285e-07,sgd,0.1,0.0005,cosine,2,0,0,2,adamw,0.0001,4,,2,False,2,2,C:\Users\haroo\OneDrive\projects\Research\BaCP\project\scripts\research\bacp\resnet34\cifar10\20260819\resnet34_cifar10_dense_ladder-A_20260819_173107.pt,C:\Users\haroo\OneDrive\projects\Research\BaCP\project\scripts\research\bacp\resnet34\cifar10\20260819\resnet34_cifar10_rigl_0.999_ladder-D4_20260819_174636_finetune.pt,aeb0db47e4b0fcfd8982c06d8d312ae416d7383b55b8cf15ed3f18f2e2382a6d,85545306,7d7f6120836bf99d448c5aba14d581068e1ac645f5d238d427d87a5feaf3ebeb,2.296875,9.943061828613281,True,,0.0,0.9951657750363433,36.644,0.497,8.416,2.058,,,,,,,,
resnet34_cifar10_bacp+rigl_s0.999_seed1_20260819_174731__finetune,resnet34_cifar10_bacp+rigl_s0.999_seed1_20260819_174731,finetune,ok,t0.D4-noFiC.resnet34.cifar10.s0.999.seed1,resnet34,cifar10,bacp+rigl,0.999,1,True,4.6875,4.6875,2.3064855337142944,10.039080573386581,0.9989989225532478,0.9989989225532478,0.9989989225532478,1,ladder-D4,,,2026-08-19T12:47:31.488231+00:00,2026-08-19T12:48:07.725701+00:00,37.878,C:\Users\haroo\OneDrive\projects\Research\BaCP\project\scripts\bacp_script.py --model_name resnet34 --model_type cv --dataset_name cifar10 --num_classes 10 --image_size 32 --epochs 2 --batch_size 32 --optimizer_type sgd --learning_rate 0.1 --scheduler_type cosine --patience 0 --limit_train_batches 2 --limit_eval_batches 2 --num_workers 0 --target_sparsity 0.999 --sparsity_scheduler cubic --recovery_epochs 0 --delta_T 1 --pruning_type rigl --layerwise_alloc erk --prune_task_head --lambdas 0.3333333333333333 0.0 0.3333333333333333 0.3333333333333333 --num_snapshots 2 --n_views 2 --distill_mode none --lambda_kd 0.0 --contrastive_mode cap --proj_mode tied_frozen --enable_finetune --optimizer_type_ft adamw --learning_rate_ft 0.0001 --epochs_ft 2 --experiment_type ladder-D4 --trained_weights C:\Users\haroo\OneDrive\projects\Research\BaCP\project\scripts\research\bacp\resnet34\cifar10\20260819\resnet34_cifar10_dense_ladder-A_20260819_173107.pt --seed 1,bdf9d105215d6b005907ebb494caff57cf8e51e2,main,True,39,13,0afbe55d7d648cb74697923113af3b5031269e47,b700ed0ce138b18a70f8edde306d85b1cbaf008f0099565d538697f6c015f0fc,Haroon-Zbook,Windows-11-10.0.26200-SP0,3.12.10,2.5.1+cpu,0.20.1+cpu,4.46.3,1.26.4,,,,0,,True,False,False,args,1234,resnet,cv,classification,True,random,10,32,2,32,0,True,2,2,test,64,0,512,128,21347786,21282122,21265088,82698,103252,21288,21265088,True,,,rigl,True,cap,tied_frozen,"[0.3333333333333333, 0.0, 0.3333333333333333, 0.3333333333333333]",False,0.07,2,1,none,0.0,False,False,False,0.999,cubic,1,,,,0.3,erk,output,True,False,backbone+head,2.8215260618719285e-07,sgd,0.1,0.0005,cosine,2,0,0,2,adamw,0.0001,4,,2,False,2,2,C:\Users\haroo\OneDrive\projects\Research\BaCP\project\scripts\research\bacp\resnet34\cifar10\20260819\resnet34_cifar10_dense_ladder-A_20260819_173107.pt,C:\Users\haroo\OneDrive\projects\Research\BaCP\project\scripts\research\bacp\resnet34\cifar10\20260819\resnet34_cifar10_rigl_0.999_ladder-D4_20260819_174731_finetune.pt,bdda0129bc178b25d78c1c988b963f584f922917d98d70ca9588067919b37c14,85545306,7d7f6120836bf99d448c5aba14d581068e1ac645f5d238d427d87a5feaf3ebeb,2.296875,9.943061828613281,True,,0.0,0.9951633391865554,37.878,0.574,8.696,0.327,,,,,,,,
resnet34_cifar10_bacp+rigl_s0.999_seed1_20260819_174830__finetune,resnet34_cifar10_bacp+rigl_s0.999_seed1_20260819_174830,finetune,ok,t0.D4-noPrC.resnet34.cifar10.s0.999.seed1,resnet34,cifar10,bacp+rigl,0.999,1,True,9.375,9.375,2.3074363470077515,10.048630403983328,0.9989989225532478,0.9989989225532478,0.9989989225532478,1,ladder-D4,,,2026-08-19T12:48:30.907844+00:00,2026-08-19T12:49:10.341592+00:00,41.72,C:\Users\haroo\OneDrive\projects\Research\BaCP\project\scripts\bacp_script.py --model_name resnet34 --model_type cv --dataset_name cifar10 --num_classes 10 --image_size 32 --epochs 2 --batch_size 32 --optimizer_type sgd --learning_rate 0.1 --scheduler_type cosine --patience 0 --limit_train_batches 2 --limit_eval_batches 2 --num_workers 0 --target_sparsity 0.999 --sparsity_scheduler cubic --recovery_epochs 0 --delta_T 1 --pruning_type rigl --layerwise_alloc erk --prune_task_head --lambdas 0.0 0.3333333333333333 0.3333333333333333 0.3333333333333333 --num_snapshots 2 --n_views 2 --distill_mode none --lambda_kd 0.0 --contrastive_mode cap --proj_mode tied_frozen --enable_finetune --optimizer_type_ft adamw --learning_rate_ft 0.0001 --epochs_ft 2 --experiment_type ladder-D4 --trained_weights C:\Users\haroo\OneDrive\projects\Research\BaCP\project\scripts\research\bacp\resnet34\cifar10\20260819\resnet34_cifar10_dense_ladder-A_20260819_173107.pt --seed 1,bdf9d105215d6b005907ebb494caff57cf8e51e2,main,True,39,13,0afbe55d7d648cb74697923113af3b5031269e47,b700ed0ce138b18a70f8edde306d85b1cbaf008f0099565d538697f6c015f0fc,Haroon-Zbook,Windows-11-10.0.26200-SP0,3.12.10,2.5.1+cpu,0.20.1+cpu,4.46.3,1.26.4,,,,0,,True,False,False,args,1234,resnet,cv,classification,True,random,10,32,2,32,0,True,2,2,test,64,0,512,128,21347786,21282122,21265088,82698,103247,21288,21265088,True,,,rigl,True,cap,tied_frozen,"[0.0, 0.3333333333333333, 0.3333333333333333, 0.3333333333333333]",False,0.07,2,1,none,0.0,False,False,False,0.999,cubic,1,,,,0.3,erk,output,True,False,backbone+head,2.8215260618719285e-07,sgd,0.1,0.0005,cosine,2,0,0,2,adamw,0.0001,4,,2,False,2,2,C:\Users\haroo\OneDrive\projects\Research\BaCP\project\scripts\research\bacp\resnet34\cifar10\20260819\resnet34_cifar10_dense_ladder-A_20260819_173107.pt,C:\Users\haroo\OneDrive\projects\Research\BaCP\project\scripts\research\bacp\resnet34\cifar10\20260819\resnet34_cifar10_rigl_0.999_ladder-D4_20260819_174830_finetune.pt,2a31db73711decae094f8b1b90990caa684f1f3f5e060142f1ff883240c73632,85545306,7d7f6120836bf99d448c5aba14d581068e1ac645f5d238d427d87a5feaf3ebeb,2.296875,9.943061828613281,True,,0.0,0.9951635734028812,41.72,1.267,9.526,2.618,,,,,,,,
resnet34_cifar10_bacp+rigl_s0.999_seed1_20260819_174934__finetune,resnet34_cifar10_bacp+rigl_s0.999_seed1_20260819_174934,finetune,ok,t0.D4-noSnC.resnet34.cifar10.s0.999.seed1,resnet34,cifar10,bacp+rigl,0.999,1,True,9.375,9.375,2.3064801692962646,10.039026719706198,0.9989989225532478,0.9989989225532478,0.9989989225532478,1,ladder-D4,,,2026-08-19T12:49:35.625210+00:00,2026-08-19T12:50:18.153207+00:00,44.046,C:\Users\haroo\OneDrive\projects\Research\BaCP\project\scripts\bacp_script.py --model_name resnet34 --model_type cv --dataset_name cifar10 --num_classes 10 --image_size 32 --epochs 2 --batch_size 32 --optimizer_type sgd --learning_rate 0.1 --scheduler_type cosine --patience 0 --limit_train_batches 2 --limit_eval_batches 2 --num_workers 0 --target_sparsity 0.999 --sparsity_scheduler cubic --recovery_epochs 0 --delta_T 1 --pruning_type rigl --layerwise_alloc erk --prune_task_head --lambdas 0.3333333333333333 0.3333333333333333 0.0 0.3333333333333333 --num_snapshots 2 --n_views 2 --distill_mode none --lambda_kd 0.0 --contrastive_mode cap --proj_mode tied_frozen --enable_finetune --optimizer_type_ft adamw --learning_rate_ft 0.0001 --epochs_ft 2 --experiment_type ladder-D4 --trained_weights C:\Users\haroo\OneDrive\projects\Research\BaCP\project\scripts\research\bacp\resnet34\cifar10\20260819\resnet34_cifar10_dense_ladder-A_20260819_173107.pt --seed 1,bdf9d105215d6b005907ebb494caff57cf8e51e2,main,True,39,13,0afbe55d7d648cb74697923113af3b5031269e47,b700ed0ce138b18a70f8edde306d85b1cbaf008f0099565d538697f6c015f0fc,Haroon-Zbook,Windows-11-10.0.26200-SP0,3.12.10,2.5.1+cpu,0.20.1+cpu,4.46.3,1.26.4,,,,0,,True,False,False,args,1234,resnet,cv,classification,True,random,10,32,2,32,0,True,2,2,test,64,0,512,128,21347786,21282122,21265088,82698,103247,21288,21265088,True,,,rigl,True,cap,tied_frozen,"[0.3333333333333333, 0.3333333333333333, 0.0, 0.3333333333333333]",False,0.07,2,1,none,0.0,False,False,False,0.999,cubic,1,,,,0.3,erk,output,True,False,backbone+head,2.8215260618719285e-07,sgd,0.1,0.0005,cosine,2,0,0,2,adamw,0.0001,4,,2,False,2,2,C:\Users\haroo\OneDrive\projects\Research\BaCP\project\scripts\research\bacp\resnet34\cifar10\20260819\resnet34_cifar10_dense_ladder-A_20260819_173107.pt,C:\Users\haroo\OneDrive\projects\Research\BaCP\project\scripts\research\bacp\resnet34\cifar10\20260819\resnet34_cifar10_rigl_0.999_ladder-D4_20260819_174934_finetune.pt,bf4293508b1abf8c5444b8f28279df738ce8fe6dcf7db9ad98167234eeeb6a0b,85545306,7d7f6120836bf99d448c5aba14d581068e1ac645f5d238d427d87a5feaf3ebeb,2.296875,9.943061828613281,True,,0.0,0.9951635734028812,44.046,0.551,10.245,2.324,,,,,,,,
resnet34_cifar10_ce_only+rigl_s0.999_seed1_20260819_173755__finetune,resnet34_cifar10_ce_only+rigl_s0.999_seed1_20260819_173755,finetune,ok,t0.C-null.resnet34.cifar10.s0.999.seed1,resnet34,cifar10,ce_only+rigl,0.999,1,True,9.375,9.375,2.3077046871185303,10.051327216394396,0.9989989225532478,0.9989989225532478,0.9989989225532478,1,ladder-C,,,2026-08-19T12:37:56.273264+00:00,2026-08-19T12:38:45.619940+00:00,51.605,C:\Users\haroo\OneDrive\projects\Research\BaCP\project\scripts\bacp_script.py --model_name resnet34 --model_type cv --dataset_name cifar10 --num_classes 10 --image_size 32 --epochs 2 --batch_size 32 --optimizer_type sgd --learning_rate 0.1 --scheduler_type cosine --patience 0 --limit_train_batches 2 --limit_eval_batches 2 --num_workers 0 --target_sparsity 0.999 --sparsity_scheduler cubic --recovery_epochs 0 --delta_T 1 --pruning_type rigl --layerwise_alloc erk --prune_task_head --lambdas 0.0 0.0 0.0 1.0 --num_snapshots 0 --n_views 1 --contrastive_mode cap --proj_mode tied_frozen --enable_finetune --optimizer_type_ft adamw --learning_rate_ft 0.0001 --epochs_ft 2 --distill_mode none --lambda_kd 0.0 --experiment_type ladder-C --trained_weights C:\Users\haroo\OneDrive\projects\Research\BaCP\project\scripts\research\bacp\resnet34\cifar10\20260819\resnet34_cifar10_dense_ladder-A_20260819_173107.pt --seed 1,bdf9d105215d6b005907ebb494caff57cf8e51e2,main,True,39,13,0afbe55d7d648cb74697923113af3b5031269e47,b700ed0ce138b18a70f8edde306d85b1cbaf008f0099565d538697f6c015f0fc,Haroon-Zbook,Windows-11-10.0.26200-SP0,3.12.10,2.5.1+cpu,0.20.1+cpu,4.46.3,1.26.4,,,,0,,True,False,False,args,1234,resnet,cv,classification,True,random,10,32,1,32,0,True,2,2,test,64,0,512,128,21347786,21282122,21265088,82698,102766,21288,21265088,True,,,rigl,True,cap,tied_frozen,"[0.0, 0.0, 0.0, 1.0]",False,0.07,0,0,none,0.0,False,False,False,0.999,cubic,1,,,,0.3,erk,output,True,False,backbone+head,2.8215260618719285e-07,sgd,0.1,0.0005,cosine,2,0,0,2,adamw,0.0001,4,,2,False,2,2,C:\Users\haroo\OneDrive\projects\Research\BaCP\project\scripts\research\bacp\resnet34\cifar10\20260819\resnet34_cifar10_dense_ladder-A_20260819_173107.pt,C:\Users\haroo\OneDrive\projects\Research\BaCP\project\scripts\research\bacp\resnet34\cifar10\20260819\resnet34_cifar10_rigl_0.999_ladder-C_20260819_173755_finetune.pt,acf620c35652ce851ce8861df9816017166035f61a53c3add158ddce0b17cfa6,85543930,7d7f6120836bf99d448c5aba14d581068e1ac645f5d238d427d87a5feaf3ebeb,2.296875,9.943061828613281,True,,0.0,0.9951861050134192,51.605,0.942,11.905,3.533,,,,,,,,
resnet34_cifar10_ce_only+rigl_s0.999_seed1_20260819_173949__finetune,resnet34_cifar10_ce_only+rigl_s0.999_seed1_20260819_173949,finetune,ok,t0.C0b.resnet34.cifar10.s0.999.seed1,resnet34,cifar10,ce_only+rigl,0.999,1,True,4.6875,4.6875,2.3047815561294556,10.02198877127654,0.9989989225532478,0.9989989225532478,0.9989989225532478,1,ladder-C,,,2026-08-19T12:39:49.431102+00:00,2026-08-19T12:40:37.892825+00:00,50.328,C:\Users\haroo\OneDrive\projects\Research\BaCP\project\scripts\bacp_script.py --model_name resnet34 --model_type cv --dataset_name cifar10 --num_classes 10 --image_size 32 --epochs 2 --batch_size 32 --optimizer_type sgd --learning_rate 0.1 --scheduler_type cosine --patience 0 --limit_train_batches 2 --limit_eval_batches 2 --num_workers 0 --target_sparsity 0.999 --sparsity_scheduler cubic --recovery_epochs 0 --delta_T 1 --pruning_type rigl --layerwise_alloc erk --prune_task_head --lambdas 0.0 0.0 0.0 1.0 --num_snapshots 0 --n_views 2 --contrastive_mode cap --proj_mode tied_frozen --enable_finetune --optimizer_type_ft adamw --learning_rate_ft 0.0001 --epochs_ft 2 --distill_mode none --lambda_kd 0.0 --experiment_type ladder-C --trained_weights C:\Users\haroo\OneDrive\projects\Research\BaCP\project\scripts\research\bacp\resnet34\cifar10\20260819\resnet34_cifar10_dense_ladder-A_20260819_173107.pt --seed 1,bdf9d105215d6b005907ebb494caff57cf8e51e2,main,True,39,13,0afbe55d7d648cb74697923113af3b5031269e47,b700ed0ce138b18a70f8edde306d85b1cbaf008f0099565d538697f6c015f0fc,Haroon-Zbook,Windows-11-10.0.26200-SP0,3.12.10,2.5.1+cpu,0.20.1+cpu,4.46.3,1.26.4,,,,0,,True,False,False,args,1234,resnet,cv,classification,True,random,10,32,2,32,0,True,2,2,test,64,0,512,128,21347786,21282122,21265088,82698,102726,21288,21265088,True,,,rigl,True,cap,tied_frozen,"[0.0, 0.0, 0.0, 1.0]",False,0.07,0,0,none,0.0,False,False,False,0.999,cubic,1,,,,0.3,erk,output,True,False,backbone+head,2.8215260618719285e-07,sgd,0.1,0.0005,cosine,2,0,0,2,adamw,0.0001,4,,2,False,2,2,C:\Users\haroo\OneDrive\projects\Research\BaCP\project\scripts\research\bacp\resnet34\cifar10\20260819\resnet34_cifar10_dense_ladder-A_20260819_173107.pt,C:\Users\haroo\OneDrive\projects\Research\BaCP\project\scripts\research\bacp\resnet34\cifar10\20260819\resnet34_cifar10_rigl_0.999_ladder-C_20260819_173949_finetune.pt,b7426dd8f68afaf4b767de4fd58cc13fd19f440a47db42530db1e230b54db529,85543930,7d7f6120836bf99d448c5aba14d581068e1ac645f5d238d427d87a5feaf3ebeb,2.296875,9.943061828613281,True,,0.0,0.9951879787440252,50.328,0.687,11.78,2.188,,,,,,,,
resnet34_cifar10_dense_seed1_20260819_173107__dense,resnet34_cifar10_dense_seed1_20260819_173107,dense,ok,t0.A0.resnet34.cifar10.sdense.seed1,resnet34,cifar10,dense,,1,True,10.9375,10.9375,200138.109375,inf,0.0,,0.0,1,ladder-A,,,2026-08-19T12:31:08.025181+00:00,2026-08-19T12:31:20.963433+00:00,14.368,C:\Users\haroo\OneDrive\projects\Research\BaCP\project\scripts\baseline_script.py --model_name resnet34 --model_type cv --dataset_name cifar10 --num_classes 10 --image_size 32 --epochs 2 --batch_size 32 --optimizer_type sgd --learning_rate 0.1 --scheduler_type cosine --patience 0 --limit_train_batches 2 --limit_eval_batches 2 --num_workers 0 --experiment_type ladder-A --seed 1,bdf9d105215d6b005907ebb494caff57cf8e51e2,main,True,39,13,0afbe55d7d648cb74697923113af3b5031269e47,b700ed0ce138b18a70f8edde306d85b1cbaf008f0099565d538697f6c015f0fc,Haroon-Zbook,Windows-11-10.0.26200-SP0,3.12.10,2.5.1+cpu,0.20.1+cpu,4.46.3,1.26.4,,,,0,,True,False,False,args,1234,resnet,cv,classification,True,random,10,32,1,32,0,True,2,2,test,64,0,512,,21282122,21282122,21259968,22154,21282122,21259968,,,,,,False,,,,,,,,,,False,False,False,,,100,,,,,erk,output,False,False,backbone,1.4111027824689105e-07,sgd,0.1,0.0005,cosine,2,0,0,,,,4,,2,False,2,2,,C:\Users\haroo\OneDrive\projects\Research\BaCP\project\scripts\research\bacp\resnet34\cifar10\20260819\resnet34_cifar10_dense_ladder-A_20260819_173107.pt,7d7f6120836bf99d448c5aba14d581068e1ac645f5d238d427d87a5feaf3ebeb,85277358,,200192.0,inf,True,8.300391912460327,,0.0,14.368,0.681,5.63,0.228,,,,,,,,
resnet34_cifar10_east_s0.9983_seed1_20260819_173703__prune,resnet34_cifar10_east_s0.9983_seed1_20260819_173703,prune,ok,t0.B3.resnet34.cifar10.s0.999.seed1,resnet34,cifar10,east,0.999,1,True,9.375,9.375,2.314391851425171,10.11876733324501,0.9982989608353445,0.9982989608353445,0.9982989608353445,1,ladder-B,,,2026-08-19T12:37:03.782025+00:00,2026-08-19T12:37:31.335407+00:00,29.995,C:\Users\haroo\OneDrive\projects\Research\BaCP\project\scripts\pruning_script.py --model_name resnet34 --model_type cv --dataset_name cifar10 --num_classes 10 --image_size 32 --epochs 2 --batch_size 32 --optimizer_type sgd --learning_rate 0.1 --scheduler_type cosine --patience 0 --limit_train_batches 2 --limit_eval_batches 2 --num_workers 0 --target_sparsity 0.999 --sparsity_scheduler cubic --recovery_epochs 0 --delta_T 1 --pruning_type east --layerwise_alloc erk --prune_task_head --dyrelu_en --dyrelu_phasing_en --weight_sharing_en --experiment_type ladder-B --trained_weights C:\Users\haroo\OneDrive\projects\Research\BaCP\project\scripts\research\bacp\resnet34\cifar10\20260819\resnet34_cifar10_dense_ladder-A_20260819_173107.pt --seed 1,bdf9d105215d6b005907ebb494caff57cf8e51e2,main,True,39,13,0afbe55d7d648cb74697923113af3b5031269e47,b700ed0ce138b18a70f8edde306d85b1cbaf008f0099565d538697f6c015f0fc,Haroon-Zbook,Windows-11-10.0.26200-SP0,3.12.10,2.5.1+cpu,0.20.1+cpu,4.46.3,1.26.4,,,,0,,True,False,False,args,1234,resnet,cv,classification,True,random,10,32,1,32,0,True,2,2,test,64,0,512,,14362570,14362570,11164352,3198218,3217209,18991,11164352,True,24458160,14357440,east,False,,,,,,,,,,True,True,True,0.9983,cubic,1,0.05,0.1,0.5,,erk,output,True,False,backbone+head,0.0,sgd,0.1,0.0005,cosine,2,0,0,,,,4,,2,False,2,2,C:\Users\haroo\OneDrive\projects\Research\BaCP\project\scripts\research\bacp\resnet34\cifar10\20260819\resnet34_cifar10_dense_ladder-A_20260819_173107.pt,C:\Users\haroo\OneDrive\projects\Research\BaCP\project\scripts\research\bacp\resnet34\cifar10\20260819\resnet34_cifar10_east_0.9983_ladder-B_20260819_173703.pt,0779223a54ac746fccc3ab94283de9ae7437695aed225f78011874d01bb1979d,57694550,7d7f6120836bf99d448c5aba14d581068e1ac645f5d238d427d87a5feaf3ebeb,2.3046875,10.02135181427002,True,2.3935904502868652,0.0,0.7760004650978203,29.995,1.118,12.185,0.581,,,,,,,,
resnet34_cifar10_east_s0.999_seed1_20260819_173433__prune,resnet34_cifar10_east_s0.999_seed1_20260819_173433,prune,ok,t0.A6.resnet34.cifar10.s0.999.seed1,resnet34,cifar10,east,0.999,1,True,9.375,9.375,2.3215216398239136,10.191169803625874,0.9990008505960568,0.9990008505960568,0.9990008505960568,1,ladder-A,,,2026-08-19T12:34:34.950555+00:00,2026-08-19T12:35:00.908454+00:00,27.626,C:\Users\haroo\OneDrive\projects\Research\BaCP\project\scripts\pruning_script.py --model_name resnet34 --model_type cv --dataset_name cifar10 --num_classes 10 --image_size 32 --epochs 2 --batch_size 32 --optimizer_type sgd --learning_rate 0.1 --scheduler_type cosine --patience 0 --limit_train_batches 2 --limit_eval_batches 2 --num_workers 0 --target_sparsity 0.999 --sparsity_scheduler cubic --recovery_epochs 0 --delta_T 1 --pruning_type east --layerwise_alloc erk --prune_task_head --experiment_type ladder-A --trained_weights C:\Users\haroo\OneDrive\projects\Research\BaCP\project\scripts\research\bacp\resnet34\cifar10\20260819\resnet34_cifar10_dense_ladder-A_20260819_173107.pt --seed 1,bdf9d105215d6b005907ebb494caff57cf8e51e2,main,True,39,13,0afbe55d7d648cb74697923113af3b5031269e47,b700ed0ce138b18a70f8edde306d85b1cbaf008f0099565d538697f6c015f0fc,Haroon-Zbook,Windows-11-10.0.26200-SP0,3.12.10,2.5.1+cpu,0.20.1+cpu,4.46.3,1.26.4,,,,0,,True,False,False,args,1234,resnet,cv,classification,True,random,10,32,1,32,0,True,2,2,test,64,0,512,,21282122,21282122,21265088,17034,38281,21247,21265088,True,,,east,False,,,,,,,,,,False,False,False,0.999,cubic,1,0.05,0.1,0.5,,erk,output,True,False,backbone+head,0.0,sgd,0.1,0.0005,cosine,2,0,0,,,,4,,2,False,2,2,C:\Users\haroo\OneDrive\projects\Research\BaCP\project\scripts\research\bacp\resnet34\cifar10\20260819\resnet34_cifar10_dense_ladder-A_20260819_173107.pt,C:\Users\haroo\OneDrive\projects\Research\BaCP\project\scripts\research\bacp\resnet34\cifar10\20260819\resnet34_cifar10_east_0.999_ladder-A_20260819_173433.pt,6dd5d32bf85f94519ae6d021a5e5e153b5021be9d510cbcbff17d1f42283b63c,85278468,7d7f6120836bf99d448c5aba14d581068e1ac645f5d238d427d87a5feaf3ebeb,2.3203125,10.179165363311768,True,2.3115603923797607,0.0,0.9982012601938848,27.626,0.711,12.229,2.852,,,,,,,,
resnet34_cifar10_east_s0.999_seed1_20260819_173521__prune,resnet34_cifar10_east_s0.999_seed1_20260819_173521,prune,ok,t0.B1.resnet34.cifar10.s0.999.seed1,resnet34,cifar10,east,0.999,1,True,9.375,9.375,2.31110155582428,10.08552831069409,0.9989989225532478,0.9989989225532478,0.9989989225532478,1,ladder-B,,,2026-08-19T12:35:21.691239+00:00,2026-08-19T12:35:46.486132+00:00,26.975,C:\Users\haroo\OneDrive\projects\Research\BaCP\project\scripts\pruning_script.py --model_name resnet34 --model_type cv --dataset_name cifar10 --num_classes 10 --image_size 32 --epochs 2 --batch_size 32 --optimizer_type sgd --learning_rate 0.1 --scheduler_type cosine --patience 0 --limit_train_batches 2 --limit_eval_batches 2 --num_workers 0 --target_sparsity 0.999 --sparsity_scheduler cubic --recovery_epochs 0 --delta_T 1 --pruning_type east --layerwise_alloc erk --prune_task_head --dyrelu_en --experiment_type ladder-B --trained_weights C:\Users\haroo\OneDrive\projects\Research\BaCP\project\scripts\research\bacp\resnet34\cifar10\20260819\resnet34_cifar10_dense_ladder-A_20260819_173107.pt --seed 1,bdf9d105215d6b005907ebb494caff57cf8e51e2,main,True,39,13,0afbe55d7d648cb74697923113af3b5031269e47,b700ed0ce138b18a70f8edde306d85b1cbaf008f0099565d538697f6c015f0fc,Haroon-Zbook,Windows-11-10.0.26200-SP0,3.12.10,2.5.1+cpu,0.20.1+cpu,4.46.3,1.26.4,,,,0,,True,False,False,args,1234,resnet,cv,classification,True,random,10,32,1,32,0,True,2,2,test,64,0,512,,24463290,24463290,21265088,3198202,3219490,21288,21265088,True,,,east,False,,,,,,,,,,True,False,False,0.999,cubic,1,0.05,0.1,0.5,,erk,output,True,False,backbone+head,0.0,sgd,0.1,0.0005,cosine,2,0,0,,,,4,,2,False,2,2,C:\Users\haroo\OneDrive\projects\Research\BaCP\project\scripts\research\bacp\resnet34\cifar10\20260819\resnet34_cifar10_dense_ladder-A_20260819_173107.pt,C:\Users\haroo\OneDrive\projects\Research\BaCP\project\scripts\research\bacp\resnet34\cifar10\20260819\resnet34_cifar10_east_0.999_ladder-B_20260819_173521.pt,c4128fed98ece15b36817ca6ca465e8969a23ea2fe619b2ec0ca19bac935433f,98095697,7d7f6120836bf99d448c5aba14d581068e1ac645f5d238d427d87a5feaf3ebeb,2.3203125,10.179165363311768,True,2.300901770591736,0.0,0.8683950523416923,26.975,0.947,11.32,0.267,,,,,,,,
resnet34_cifar10_east_s0.999_seed1_20260819_173606__prune,resnet34_cifar10_east_s0.999_seed1_20260819_173606,prune,ok,t0.B2.resnet34.cifar10.s0.999.seed1,resnet34,cifar10,east,0.999,1,True,9.375,9.375,2.31110155582428,10.08552831069409,0.9989989225532478,0.9989989225532478,0.9989989225532478,1,ladder-B,,,2026-08-19T12:36:06.733326+00:00,2026-08-19T12:36:43.425968+00:00,39.289,C:\Users\haroo\OneDrive\projects\Research\BaCP\project\scripts\pruning_script.py --model_name resnet34 --model_type cv --dataset_name cifar10 --num_classes 10 --image_size 32 --epochs 2 --batch_size 32 --optimizer_type sgd --learning_rate 0.1 --scheduler_type cosine --patience 0 --limit_train_batches 2 --limit_eval_batches 2 --num_workers 0 --target_sparsity 0.999 --sparsity_scheduler cubic --recovery_epochs 0 --delta_T 1 --pruning_type east --layerwise_alloc erk --prune_task_head --dyrelu_en --dyrelu_phasing_en --experiment_type ladder-B --trained_weights C:\Users\haroo\OneDrive\projects\Research\BaCP\project\scripts\research\bacp\resnet34\cifar10\20260819\resnet34_cifar10_dense_ladder-A_20260819_173107.pt --seed 1,bdf9d105215d6b005907ebb494caff57cf8e51e2,main,True,39,13,0afbe55d7d648cb74697923113af3b5031269e47,b700ed0ce138b18a70f8edde306d85b1cbaf008f0099565d538697f6c015f0fc,Haroon-Zbook,Windows-11-10.0.26200-SP0,3.12.10,2.5.1+cpu,0.20.1+cpu,4.46.3,1.26.4,,,,0,,True,False,False,args,1234,resnet,cv,classification,True,random,10,32,1,32,0,True,2,2,test,64,0,512,,24463290,24463290,21265088,3198202,3219490,21288,21265088,True,,,east,False,,,,,,,,,,True,True,False,0.999,cubic,1,0.05,0.1,0.5,,erk,output,True,False,backbone+head,0.0,sgd,0.1,0.0005,cosine,2,0,0,,,,4,,2,False,2,2,C:\Users\haroo\OneDrive\projects\Research\BaCP\project\scripts\research\bacp\resnet34\cifar10\20260819\resnet34_cifar10_dense_ladder-A_20260819_173107.pt,C:\Users\haroo\OneDrive\projects\Research\BaCP\project\scripts\research\bacp\resnet34\cifar10\20260819\resnet34_cifar10_east_0.999_ladder-B_20260819_173606.pt,0b2afd0b863cf3204e2f9ad9b387b1d7bbdb73fec6ac0b8d9e9bc4d415fec12b,98095697,7d7f6120836bf99d448c5aba14d581068e1ac645f5d238d427d87a5feaf3ebeb,2.3203125,10.179165363311768,True,2.300901770591736,0.0,0.8683950523416923,39.289,0.907,16.76,1.01,,,,,,,,
resnet34_cifar10_kd_feature+rigl_s0.999_seed1_20260819_174216__finetune,resnet34_cifar10_kd_feature+rigl_s0.999_seed1_20260819_174216,finetune,ok,t0.C2.resnet34.cifar10.s0.999.seed1,resnet34,cifar10,kd_feature+rigl,0.999,1,True,4.6875,4.6875,2.3068463802337646,10.04270379434419,0.9989989225532478,0.9989989225532478,0.9989989225532478,1,ladder-C,,,2026-08-19T12:42:16.795592+00:00,2026-08-19T12:43:07.679055+00:00,52.17,C:\Users\haroo\OneDrive\projects\Research\BaCP\project\scripts\bacp_script.py --model_name resnet34 --model_type cv --dataset_name cifar10 --num_classes 10 --image_size 32 --epochs 2 --batch_size 32 --optimizer_type sgd --learning_rate 0.1 --scheduler_type cosine --patience 0 --limit_train_batches 2 --limit_eval_batches 2 --num_workers 0 --target_sparsity 0.999 --sparsity_scheduler cubic --recovery_epochs 0 --delta_T 1 --pruning_type rigl --layerwise_alloc erk --prune_task_head --lambdas 0.0 0.0 0.0 1.0 --num_snapshots 0 --n_views 2 --distill_mode feature --lambda_kd 1.0 --contrastive_mode cap --proj_mode tied_frozen --enable_finetune --optimizer_type_ft adamw --learning_rate_ft 0.0001 --epochs_ft 2 --experiment_type ladder-C --trained_weights C:\Users\haroo\OneDrive\projects\Research\BaCP\project\scripts\research\bacp\resnet34\cifar10\20260819\resnet34_cifar10_dense_ladder-A_20260819_173107.pt --seed 1,bdf9d105215d6b005907ebb494caff57cf8e51e2,main,True,39,13,0afbe55d7d648cb74697923113af3b5031269e47,b700ed0ce138b18a70f8edde306d85b1cbaf008f0099565d538697f6c015f0fc,Haroon-Zbook,Windows-11-10.0.26200-SP0,3.12.10,2.5.1+cpu,0.20.1+cpu,4.46.3,1.26.4,,,,0,,True,False,False,args,1234,resnet,cv,classification,True,random,10,32,2,32,0,True,2,2,test,64,0,512,128,21347786,21282122,21265088,82698,103268,21288,21265088,True,,,rigl,True,cap,tied_frozen,"[0.0, 0.0, 0.0, 1.0]",False,0.07,0,0,feature,1.0,False,False,False,0.999,cubic,1,,,,0.3,erk,output,True,False,backbone+head,2.8215260618719285e-07,sgd,0.1,0.0005,cosine,2,0,0,2,adamw,0.0001,4,,2,False,2,2,C:\Users\haroo\OneDrive\projects\Research\BaCP\project\scripts\research\bacp\resnet34\cifar10\20260819\resnet34_cifar10_dense_ladder-A_20260819_173107.pt,C:\Users\haroo\OneDrive\projects\Research\BaCP\project\scripts\research\bacp\resnet34\cifar10\20260819\resnet34_cifar10_rigl_0.999_ladder-C_20260819_174216_finetune.pt,39615771adec20559b03cdc221388b1ed7790faa3ab905faec4585c5839dec41,85543930,7d7f6120836bf99d448c5aba14d581068e1ac645f5d238d427d87a5feaf3ebeb,2.296875,9.943061828613281,True,,0.0,0.995162589694313,52.17,0.606,12.407,3.089,,,,,,,,
resnet34_cifar10_kd_kl+rigl_s0.999_seed1_20260819_174101__finetune,resnet34_cifar10_kd_kl+rigl_s0.999_seed1_20260819_174101,finetune,ok,t0.C1.resnet34.cifar10.s0.999.seed1,resnet34,cifar10,kd_kl+rigl,0.999,1,True,10.9375,10.9375,2.59240984916687,13.3619330787764,0.9989989225532478,0.9989989225532478,0.9989989225532478,1,ladder-C,,,2026-08-19T12:41:01.735686+00:00,2026-08-19T12:41:52.910271+00:00,53.154,C:\Users\haroo\OneDrive\projects\Research\BaCP\project\scripts\bacp_script.py --model_name resnet34 --model_type cv --dataset_name cifar10 --num_classes 10 --image_size 32 --epochs 2 --batch_size 32 --optimizer_type sgd --learning_rate 0.1 --scheduler_type cosine --patience 0 --limit_train_batches 2 --limit_eval_batches 2 --num_workers 0 --target_sparsity 0.999 --sparsity_scheduler cubic --recovery_epochs 0 --delta_T 1 --pruning_type rigl --layerwise_alloc erk --prune_task_head --lambdas 0.0 0.0 0.0 1.0 --num_snapshots 0 --n_views 2 --distill_mode kl --lambda_kd 1.0 --contrastive_mode cap --proj_mode tied_frozen --enable_finetune --optimizer_type_ft adamw --learning_rate_ft 0.0001 --epochs_ft 2 --experiment_type ladder-C --trained_weights C:\Users\haroo\OneDrive\projects\Research\BaCP\project\scripts\research\bacp\resnet34\cifar10\20260819\resnet34_cifar10_dense_ladder-A_20260819_173107.pt --seed 1,bdf9d105215d6b005907ebb494caff57cf8e51e2,main,True,39,13,0afbe55d7d648cb74697923113af3b5031269e47,b700ed0ce138b18a70f8edde306d85b1cbaf008f0099565d538697f6c015f0fc,Haroon-Zbook,Windows-11-10.0.26200-SP0,3.12.10,2.5.1+cpu,0.20.1+cpu,4.46.3,1.26.4,,,,0,,True,False,False,args,1234,resnet,cv,classification,True,random,10,32,2,32,0,True,2,2,test,64,0,512,128,21347786,21282122,21265088,82698,102777,21288,21265088,True,,,rigl,True,cap,tied_frozen,"[0.0, 0.0, 0.0, 1.0]",False,0.07,0,0,kl,1.0,False,False,False,0.999,cubic,1,,,,0.3,erk,output,True,False,backbone+head,2.8215260618719285e-07,sgd,0.1,0.0005,cosine,2,0,0,2,adamw,0.0001,4,,2,False,2,2,C:\Users\haroo\OneDrive\projects\Research\BaCP\project\scripts\research\bacp\resnet34\cifar10\20260819\resnet34_cifar10_dense_ladder-A_20260819_173107.pt,C:\Users\haroo\OneDrive\projects\Research\BaCP\project\scripts\research\bacp\resnet34\cifar10\20260819\resnet34_cifar10_rigl_0.999_ladder-C_20260819_174101_finetune.pt,bff072dadfe94fce97e6447d48e805d3201bd55baa539c90c7d1d995ac916c98,85543930,7d7f6120836bf99d448c5aba14d581068e1ac645f5d238d427d87a5feaf3ebeb,2.578125,13.178849220275879,True,,0.0,0.9951855897375025,53.154,0.498,12.113,1.836,,,,,,,,
resnet34_cifar10_local_magnitude_s0.999_seed1_20260819_173137__prune,resnet34_cifar10_local_magnitude_s0.999_seed1_20260819_173137,prune,ok,t0.A1.resnet34.cifar10.s0.999.seed1,resnet34,cifar10,local_magnitude,0.999,1,True,9.375,9.375,2.302575945854187,9.999908529019763,0.9989993457821571,0.9989993457821571,0.9989993457821571,1,ladder-A,,,2026-08-19T12:31:37.837614+00:00,2026-08-19T12:31:52.075457+00:00,15.658,C:\Users\haroo\OneDrive\projects\Research\BaCP\project\scripts\pruning_script.py --model_name resnet34 --model_type cv --dataset_name cifar10 --num_classes 10 --image_size 32 --epochs 2 --batch_size 32 --optimizer_type sgd --learning_rate 0.1 --scheduler_type cosine --patience 0 --limit_train_batches 2 --limit_eval_batches 2 --num_workers 0 --target_sparsity 0.999 --sparsity_scheduler cubic --recovery_epochs 0 --delta_T 1 --pruning_type local_magnitude --layerwise_alloc uniform --prune_task_head --experiment_type ladder-A --trained_weights C:\Users\haroo\OneDrive\projects\Research\BaCP\project\scripts\research\bacp\resnet34\cifar10\20260819\resnet34_cifar10_dense_ladder-A_20260819_173107.pt --seed 1,bdf9d105215d6b005907ebb494caff57cf8e51e2,main,True,39,13,0afbe55d7d648cb74697923113af3b5031269e47,b700ed0ce138b18a70f8edde306d85b1cbaf008f0099565d538697f6c015f0fc,Haroon-Zbook,Windows-11-10.0.26200-SP0,3.12.10,2.5.1+cpu,0.20.1+cpu,4.46.3,1.26.4,,,,0,,True,False,False,args,1234,resnet,cv,classification,True,random,10,32,1,32,0,True,2,2,test,64,0,512,,21282122,21282122,21265088,17034,38313,21279,21265088,True,,,local_magnitude,False,,,,,,,,,,False,False,False,0.999,cubic,1,,,,,uniform,output,True,False,backbone+head,0.0,sgd,0.1,0.0005,cosine,2,0,0,,,,4,,2,False,2,2,C:\Users\haroo\OneDrive\projects\Research\BaCP\project\scripts\research\bacp\resnet34\cifar10\20260819\resnet34_cifar10_dense_ladder-A_20260819_173107.pt,C:\Users\haroo\OneDrive\projects\Research\BaCP\project\scripts\research\bacp\resnet34\cifar10\20260819\resnet34_cifar10_local_magnitude_0.999_ladder-A_20260819_173137.pt,b4f411e3a46a73ff2c5fdfe58ff0701b96fdf3f37d1c2fe5e72ea49f93641418,85283150,7d7f6120836bf99d448c5aba14d581068e1ac645f5d238d427d87a5feaf3ebeb,2.2890625,9.86598539352417,True,2.970710039138794,0.0,0.9981997565844233,15.658,0.731,6.392,0.022,,,,,,,,
resnet34_cifar10_local_magnitude_s0.999_seed1_20260819_173209__prune,resnet34_cifar10_local_magnitude_s0.999_seed1_20260819_173209,prune,ok,t0.A2.resnet34.cifar10.s0.999.seed1,resnet34,cifar10,local_magnitude,0.999,1,True,9.375,9.375,3.2177603244781494,24.972128038730737,0.9989993870169513,0.9989993870169513,0.9989993870169513,1,ladder-A,,,2026-08-19T12:32:09.348825+00:00,2026-08-19T12:32:23.642208+00:00,15.756,C:\Users\haroo\OneDrive\projects\Research\BaCP\project\scripts\pruning_script.py --model_name resnet34 --model_type cv --dataset_name cifar10 --num_classes 10 --image_size 32 --epochs 2 --batch_size 32 --optimizer_type sgd --learning_rate 0.1 --scheduler_type cosine --patience 0 --limit_train_batches 2 --limit_eval_batches 2 --num_workers 0 --target_sparsity 0.999 --sparsity_scheduler cubic --recovery_epochs 0 --delta_T 1 --pruning_type local_magnitude --layerwise_alloc uniform --experiment_type ladder-A --trained_weights C:\Users\haroo\OneDrive\projects\Research\BaCP\project\scripts\research\bacp\resnet34\cifar10\20260819\resnet34_cifar10_dense_ladder-A_20260819_173107.pt --seed 1,bdf9d105215d6b005907ebb494caff57cf8e51e2,main,True,39,13,0afbe55d7d648cb74697923113af3b5031269e47,b700ed0ce138b18a70f8edde306d85b1cbaf008f0099565d538697f6c015f0fc,Haroon-Zbook,Windows-11-10.0.26200-SP0,3.12.10,2.5.1+cpu,0.20.1+cpu,4.46.3,1.26.4,,,,0,,True,False,False,args,1234,resnet,cv,classification,True,random,10,32,1,32,0,True,2,2,test,64,0,512,,21282122,21282122,21259968,22154,43427,21273,21259968,True,,,local_magnitude,False,,,,,,,,,,False,False,False,0.999,cubic,1,,,,,uniform,output,False,False,backbone,0.0,sgd,0.1,0.0005,cosine,2,0,0,,,,4,,2,False,2,2,C:\Users\haroo\OneDrive\projects\Research\BaCP\project\scripts\research\bacp\resnet34\cifar10\20260819\resnet34_cifar10_dense_ladder-A_20260819_173107.pt,C:\Users\haroo\OneDrive\projects\Research\BaCP\project\scripts\research\bacp\resnet34\cifar10\20260819\resnet34_cifar10_local_magnitude_0.999_ladder-A_20260819_173209.pt,b7aff647791cfbf6d5a1008761fb2150180e7d5d75dd3669b92b182bf751d06d,85283150,7d7f6120836bf99d448c5aba14d581068e1ac645f5d238d427d87a5feaf3ebeb,3.2109375,24.809139251708984,True,11.882400035858154,0.0,0.9979594609973573,15.756,0.67,6.29,0.085,,,,,,,,
resnet34_cifar10_local_magnitude_s0.999_seed1_20260819_173241__prune,resnet34_cifar10_local_magnitude_s0.999_seed1_20260819_173241,prune,ok,t0.A3.resnet34.cifar10.s0.999.seed1,resnet34,cifar10,local_magnitude,0.999,1,True,9.375,9.375,2.3832391500473022,10.839958309828264,0.9989989225532478,0.9989989225532478,0.9989989225532478,1,ladder-A,,,2026-08-19T12:32:41.540048+00:00,2026-08-19T12:33:03.054232+00:00,23.07,C:\Users\haroo\OneDrive\projects\Research\BaCP\project\scripts\pruning_script.py --model_name resnet34 --model_type cv --dataset_name cifar10 --num_classes 10 --image_size 32 --epochs 2 --batch_size 32 --optimizer_type sgd --learning_rate 0.1 --scheduler_type cosine --patience 0 --limit_train_batches 2 --limit_eval_batches 2 --num_workers 0 --target_sparsity 0.999 --sparsity_scheduler cubic --recovery_epochs 0 --delta_T 1 --pruning_type local_magnitude --layerwise_alloc erk --prune_task_head --experiment_type ladder-A --trained_weights C:\Users\haroo\OneDrive\projects\Research\BaCP\project\scripts\research\bacp\resnet34\cifar10\20260819\resnet34_cifar10_dense_ladder-A_20260819_173107.pt --seed 1,bdf9d105215d6b005907ebb494caff57cf8e51e2,main,True,39,13,0afbe55d7d648cb74697923113af3b5031269e47,b700ed0ce138b18a70f8edde306d85b1cbaf008f0099565d538697f6c015f0fc,Haroon-Zbook,Windows-11-10.0.26200-SP0,3.12.10,2.5.1+cpu,0.20.1+cpu,4.46.3,1.26.4,,,,0,,True,False,False,args,1234,resnet,cv,classification,True,random,10,32,1,32,0,True,2,2,test,64,0,512,,21282122,21282122,21265088,17034,38322,21288,21265088,True,,,local_magnitude,False,,,,,,,,,,False,False,False,0.999,cubic,1,,,,,erk,output,True,False,backbone+head,0.0,sgd,0.1,0.0005,cosine,2,0,0,,,,4,,2,False,2,2,C:\Users\haroo\OneDrive\projects\Research\BaCP\project\scripts\research\bacp\resnet34\cifar10\20260819\resnet34_cifar10_dense_ladder-A_20260819_173107.pt,C:\Users\haroo\OneDrive\projects\Research\BaCP\project\scripts\research\bacp\resnet34\cifar10\20260819\resnet34_cifar10_local_magnitude_0.999_ladder-A_20260819_173241.pt,9ba195b5960fecc242508d5570dcc24cc3a8901a41e0784c1cec9c592c737194,85283150,7d7f6120836bf99d448c5aba14d581068e1ac645f5d238d427d87a5feaf3ebeb,2.3984375,11.008988857269287,True,4.033910036087036,0.0,0.9981993336942623,23.07,0.801,10.017,0.474,,,,,,,,
resnet34_cifar10_local_magnitude_s0.999_seed1_20260819_173322__prune,resnet34_cifar10_local_magnitude_s0.999_seed1_20260819_173322,prune,ok,t0.A4.resnet34.cifar10.s0.999.seed1,resnet34,cifar10,local_magnitude,0.999,1,True,9.375,9.375,3.2439990043640137,25.636035652574837,0.9989991047963948,0.9989991047963948,0.9989991047963948,1,ladder-A,,,2026-08-19T12:33:22.321812+00:00,2026-08-19T12:33:38.271428+00:00,17.364,C:\Users\haroo\OneDrive\projects\Research\BaCP\project\scripts\pruning_script.py --model_name resnet34 --model_type cv --dataset_name cifar10 --num_classes 10 --image_size 32 --epochs 2 --batch_size 32 --optimizer_type sgd --learning_rate 0.1 --scheduler_type cosine --patience 0 --limit_train_batches 2 --limit_eval_batches 2 --num_workers 0 --target_sparsity 0.999 --sparsity_scheduler cubic --recovery_epochs 0 --delta_T 1 --pruning_type local_magnitude --layerwise_alloc erk --experiment_type ladder-A --trained_weights C:\Users\haroo\OneDrive\projects\Research\BaCP\project\scripts\research\bacp\resnet34\cifar10\20260819\resnet34_cifar10_dense_ladder-A_20260819_173107.pt --seed 1,bdf9d105215d6b005907ebb494caff57cf8e51e2,main,True,39,13,0afbe55d7d648cb74697923113af3b5031269e47,b700ed0ce138b18a70f8edde306d85b1cbaf008f0099565d538697f6c015f0fc,Haroon-Zbook,Windows-11-10.0.26200-SP0,3.12.10,2.5.1+cpu,0.20.1+cpu,4.46.3,1.26.4,,,,0,,True,False,False,args,1234,resnet,cv,classification,True,random,10,32,1,32,0,True,2,2,test,64,0,512,,21282122,21282122,21259968,22154,43433,21279,21259968,True,,,local_magnitude,False,,,,,,,,,,False,False,False,0.999,cubic,1,,,,,erk,output,False,False,backbone,0.0,sgd,0.1,0.0005,cosine,2,0,0,,,,4,,2,False,2,2,C:\Users\haroo\OneDrive\projects\Research\BaCP\project\scripts\research\bacp\resnet34\cifar10\20260819\resnet34_cifar10_dense_ladder-A_20260819_173107.pt,C:\Users\haroo\OneDrive\projects\Research\BaCP\project\scripts\research\bacp\resnet34\cifar10\20260819\resnet34_cifar10_local_magnitude_0.999_ladder-A_20260819_173322.pt,ce196bb61a513937e6e38be087d0bf326e321c85d89837f90d2c55819e9e5625,85283150,7d7f6120836bf99d448c5aba14d581068e1ac645f5d238d427d87a5feaf3ebeb,3.2421875,25.59666633605957,True,11.64492130279541,0.0,0.9979591790705833,17.364,0.714,6.96,0.999,,,,,,,,
resnet34_cifar10_rigl_s0.999_seed1_20260819_173356__prune,resnet34_cifar10_rigl_s0.999_seed1_20260819_173356,prune,ok,t0.A5.resnet34.cifar10.s0.999.seed1,resnet34,cifar10,rigl,0.999,1,True,9.375,9.375,2.308713674545288,10.061473997304313,0.9990010857232287,0.9990010857232287,0.9990010857232287,1,ladder-A,,,2026-08-19T12:33:56.775768+00:00,2026-08-19T12:34:12.225335+00:00,16.66,C:\Users\haroo\OneDrive\projects\Research\BaCP\project\scripts\pruning_script.py --model_name resnet34 --model_type cv --dataset_name cifar10 --num_classes 10 --image_size 32 --epochs 2 --batch_size 32 --optimizer_type sgd --learning_rate 0.1 --scheduler_type cosine --patience 0 --limit_train_batches 2 --limit_eval_batches 2 --num_workers 0 --target_sparsity 0.999 --sparsity_scheduler cubic --recovery_epochs 0 --delta_T 1 --pruning_type rigl --layerwise_alloc erk --prune_task_head --experiment_type ladder-A --trained_weights C:\Users\haroo\OneDrive\projects\Research\BaCP\project\scripts\research\bacp\resnet34\cifar10\20260819\resnet34_cifar10_dense_ladder-A_20260819_173107.pt --seed 1,bdf9d105215d6b005907ebb494caff57cf8e51e2,main,True,39,13,0afbe55d7d648cb74697923113af3b5031269e47,b700ed0ce138b18a70f8edde306d85b1cbaf008f0099565d538697f6c015f0fc,Haroon-Zbook,Windows-11-10.0.26200-SP0,3.12.10,2.5.1+cpu,0.20.1+cpu,4.46.3,1.26.4,,,,0,,True,False,False,args,1234,resnet,cv,classification,True,random,10,32,1,32,0,True,2,2,test,64,0,512,,21282122,21282122,21265088,17034,38276,21242,21265088,True,,,rigl,False,,,,,,,,,,False,False,False,0.999,cubic,1,,,,0.3,erk,output,True,False,backbone+head,0.0,sgd,0.1,0.0005,cosine,2,0,0,,,,4,,2,False,2,2,C:\Users\haroo\OneDrive\projects\Research\BaCP\project\scripts\research\bacp\resnet34\cifar10\20260819\resnet34_cifar10_dense_ladder-A_20260819_173107.pt,C:\Users\haroo\OneDrive\projects\Research\BaCP\project\scripts\research\bacp\resnet34\cifar10\20260819\resnet34_cifar10_rigl_0.999_ladder-A_20260819_173356.pt,93f54318215107937149cfd5f7b6e6159e8e1ba90c4df6c2875917cbe0ca3e9f,85278468,7d7f6120836bf99d448c5aba14d581068e1ac645f5d238d427d87a5feaf3ebeb,2.296875,9.944275379180908,True,2.3321595191955566,0.0,0.9982014951328632,16.66,0.552,7.022,0.395,,,,,,,,
resnet34_cifar10_rigl_s0.999_seed1_20260819_173909__prune,resnet34_cifar10_rigl_s0.999_seed1_20260819_173909,prune,ok,t0.C0.resnet34.cifar10.s0.999.seed1,resnet34,cifar10,rigl,0.999,1,True,9.375,9.375,2.308713674545288,10.061473997304313,0.9990010857232287,0.9990010857232287,0.9990010857232287,1,ladder-C,,,2026-08-19T12:39:09.262103+00:00,2026-08-19T12:39:26.039249+00:00,18.707,C:\Users\haroo\OneDrive\projects\Research\BaCP\project\scripts\pruning_script.py --model_name resnet34 --model_type cv --dataset_name cifar10 --num_classes 10 --image_size 32 --epochs 2 --batch_size 32 --optimizer_type sgd --learning_rate 0.1 --scheduler_type cosine --patience 0 --limit_train_batches 2 --limit_eval_batches 2 --num_workers 0 --target_sparsity 0.999 --sparsity_scheduler cubic --recovery_epochs 0 --delta_T 1 --pruning_type rigl --layerwise_alloc erk --prune_task_head --experiment_type ladder-C --trained_weights C:\Users\haroo\OneDrive\projects\Research\BaCP\project\scripts\research\bacp\resnet34\cifar10\20260819\resnet34_cifar10_dense_ladder-A_20260819_173107.pt --seed 1,bdf9d105215d6b005907ebb494caff57cf8e51e2,main,True,39,13,0afbe55d7d648cb74697923113af3b5031269e47,b700ed0ce138b18a70f8edde306d85b1cbaf008f0099565d538697f6c015f0fc,Haroon-Zbook,Windows-11-10.0.26200-SP0,3.12.10,2.5.1+cpu,0.20.1+cpu,4.46.3,1.26.4,,,,0,,True,False,False,args,1234,resnet,cv,classification,True,random,10,32,1,32,0,True,2,2,test,64,0,512,,21282122,21282122,21265088,17034,38276,21242,21265088,True,,,rigl,False,,,,,,,,,,False,False,False,0.999,cubic,1,,,,0.3,erk,output,True,False,backbone+head,0.0,sgd,0.1,0.0005,cosine,2,0,0,,,,4,,2,False,2,2,C:\Users\haroo\OneDrive\projects\Research\BaCP\project\scripts\research\bacp\resnet34\cifar10\20260819\resnet34_cifar10_dense_ladder-A_20260819_173107.pt,C:\Users\haroo\OneDrive\projects\Research\BaCP\project\scripts\research\bacp\resnet34\cifar10\20260819\resnet34_cifar10_rigl_0.999_ladder-C_20260819_173909.pt,ed598599e37ae60dd8f162c76aca2f834a43df22e9ba06d25a9817cad665b67d,85278468,7d7f6120836bf99d448c5aba14d581068e1ac645f5d238d427d87a5feaf3ebeb,2.296875,9.944275379180908,True,2.3321595191955566,0.0,0.9982014951328632,18.707,0.716,7.561,1.115,,,,,,,,
